epoch,train_loss,val_loss,val_psnr,val_ssim,lr
0,0.025692,0.022135,30.2623,0.905962,0.00100000
1,0.021103,0.018971,31.0929,0.912890,0.00097553
2,0.017872,0.018166,31.2898,0.913508,0.00090451
3,0.018382,0.017739,31.3934,0.916525,0.00079389
4,0.018748,0.017580,31.4254,0.916048,0.00065451
5,0.018032,0.017477,31.4465,0.916384,0.00050000
6,0.017243,0.017328,31.4756,0.917732,0.00034549
7,0.017601,0.017178,31.5062,0.918222,0.00020611
